Organisation,Department,Laboratory,Organisation Type,EURAXESS offer ID,Posting date,Title,Duration,Status,Number of positions available,Research Field,Type of Contract,Reference Number,EU Research Framework Programme
Canada's Green Civil Engineering Program,,,Higher Education Institute,248315,26/09/2017,PhD and MASc Research Assistants,2 years 4 days,Expired,10,Engineering › Civil engineering,Other,,Not funded by an EU programme
Carleton University,Department of Physics,,Higher Education Institute,480369,13/01/2020,"Postdoctoral Fellow at Carleton University, Ba ion tagging",2 months 2 weeks,Expired,2,Physics,Temporary,,Not funded by an EU programme
Centre Eau Terre Environnement - Institut national de la recherche scientifique,,,Higher Education Institute,498188,26/02/2020,Postdoctoral position in monitoring and modelling of sustainable urban stormwater management systems,2 months 4 days,Expired,1,Engineering › Civil engineering,Temporary,,Not funded by an EU programme
Centre Eau Terre Environnement - Institut national de la recherche scientifique,,,Higher Education Institute,396934,4/4/2019,Postdoctoral and PhD positions in mineral carbonation process,1 month 12 hours,Expired,2,Engineering › Chemical engineering,Temporary,,Not funded by an EU programme
Centre Eau Terre Environnement - Institut national de la recherche scientifique,,,Higher Education Institute,391582,20/03/2019,Postdoctoral fellow to study response and recovery of fish exposed to petroleum products,1 month 1 day,Expired,1,Biological sciences › Biology,Temporary,,Not funded by an EU programme
Centre Eau Terre Environnement - Institut national de la recherche scientifique,,,Higher Education Institute,249075,29/09/2017,Professor-researcher in hydrodynamics of coastal and fluvial environments,1 month 11 hours,Expired,1,Engineering › Other,Permanent,AP 17-04,Not funded by an EU programme
CHU Sainte Justine,Pediatrics,pcampeaulab.org,Public Research Institution,580835,25/11/2020,Master's or PhD student,2 months 3 weeks,Published,1,"Biological sciences › Biological engineering, Biological sciences › Laboratory animal science, Medical sciences › Veterinary medicine",Permanent,,Not funded by an EU programme
Concordia University,"Building, Civil and Environmental Engineering (BCEE)",Intelligent Buildings Lab,Higher Education Institute,462055,12/11/2019,PhD Position in Building Engineering at Concordia University,1 month 4 hours,Expired,1,"Engineering › Other, Engineering › Civil engineering, Engineering › Mechanical engineering",Not Applicable,,Not funded by an EU programme
Concordia University,"Building, Civil and Environmental Engineering (BCEE)",Intelligent Buildings Lab,Higher Education Institute,408875,16/05/2019,FUNDED PHD POSITION IN BUILDING ENGINEERING,1 month 1 day,Expired,1,Engineering › Control engineering,Temporary,,Not funded by an EU programme
CRCHUM,Psychiatry and Addictology of the Université de Montréal (UdeM),Neuroscience,Research Laboratory,562002,25/09/2020,Researcher/Professor Position in Addiction/Mental health,2 months 1 week,Expired,1,Other,Permanent,,Not funded by an EU programme
CriticalKnowledge,,,Other,274280,26/01/2018,"Tenure-Track Professor, Material Science & Environmental Chemistry",1 month 1 day,Expired,1,Chemistry,Permanent,,Not funded by an EU programme
CRIUGM - Université de Montréal,,,Public Research Institution,387889,12/3/2019,Postdoctoral position in human affective neuroscience,1 month 2 weeks,Expired,1,"Neurosciences › Neuropsychology, Neurosciences › Neurophysiology",Not Applicable,,Not funded by an EU programme
École de technologie supérieure,,,Higher Education Institute,603821,10/2/2021,MSc position on mobility management in network slicing,1 week 2 days,Published,2,Computer science › Computer systems,Temporary,,Not funded by an EU programme
École de technologie supérieure,,,Higher Education Institute,586932,14/12/2020,Funded PhD on recycling of thermoplastic composites,1 month 1 week,Expired,1,Engineering › Mechanical engineering,Temporary,,Not funded by an EU programme
École de technologie supérieure,,,Higher Education Institute,586930,14/12/2020,Postdoctoral Fellowship on Sustainable Composites,1 month 1 week,Expired,1,Engineering › Mechanical engineering,Temporary,,Not funded by an EU programme
École de technologie supérieure,,,Higher Education Institute,584394,6/12/2020,PhD student,2 weeks 2 hours,Expired,2,Engineering › Materials engineering,Temporary,,Not funded by an EU programme
École de technologie supérieure,,,Higher Education Institute,446043,15/09/2019,Postdoc position: IoT traffic analysis and task offloading at the Edge,1 month 2 weeks,Expired,1,Engineering › Computer engineering,Temporary,,Not funded by an EU programme
École de technologie supérieure,,,Higher Education Institute,445987,14/09/2019,PhD in Internet of Things and Edge Computing for Task Offloading,1 month 2 weeks,Expired,1,Engineering › Computer engineering,Temporary,,Not funded by an EU programme
École de technologie supérieure,,,Higher Education Institute,433995,2/8/2019,"PhD/MSc positions in AI/ML, 5G networks in Montreal, Canada",1 month 1 day,Expired,17,"Computer science, Engineering",Permanent,,Not funded by an EU programme
"Energy Systems and Sustainable Cities group, University of Victoria",,,Higher Education Institute,342141,28/09/2018,6 Masters/PhD positions in Building Optimization and Machine Learning,1 month 2 days,Expired,6,Engineering,To be defined,,Not funded by an EU programme
"Energy Systems and Sustainable Cities group, University of Victoria",,,Higher Education Institute,307579,19/05/2018,2 Post-Doctoral Fellow positions in Building Energy Optimization and Machine Learning,5 months 2 weeks,Expired,1,Engineering,To be defined,,Not funded by an EU programme
"Energy Systems and Sustainable Cities group, University of Victoria",,,Higher Education Institute,307578,19/05/2018,MASc or PhD position in 'Probabilistic modelling of buildings and energy systems',1 month 2 weeks,Expired,1,"Computer science, Engineering",To be defined,,Not funded by an EU programme
"Energy Systems and Sustainable Cities group, University of Victoria",,,Higher Education Institute,307577,19/05/2018,PhD position in 'Modelling energy systems from building to national scale',1 month 2 weeks,Expired,1,"Computer science, Engineering",To be defined,,Not funded by an EU programme
"Energy Systems and Sustainable Cities group, University of Victoria",,,Higher Education Institute,180988,13/02/2017,PhD position in 'Applying machine learning to building and energy systems optimization',1 year 6 months,Expired,1,"Computer science, Engineering",To be defined,,Not funded by an EU programme
INRS,,,Higher Education Institute,249074,29/09/2017,RESEARCH PROFESSOR HYDRODYNAMICS OF COASTAL AND FLUVIAL ENVIRONMENTS,1 month 9 hours,Expired,1,Environmental science › Other,Permanent,,Not funded by an EU programme
"Institute of Physic ASCR, v.v.i.",HiLASE Centre,Hi-tech laser centre,Public Research Institution,500694,4/3/2020,PR & Marketing Manager,1 month 14 min,Expired,9,Physics,Temporary,500686-898805,H2020
International Max Planck Research School for Chemistry and Physics of Quantum Materials,,,Public Research Institution,555827,4/9/2020,Multiple PhD positions in quantum materials research,2 months 3 weeks,Expired,10,"Chemistry › Structural chemistry, Chemistry › Inorganic chemistry, Physics › Chemical physics, Physics › Solid state physics, Physics › Condensed matter properties",Temporary,,Not funded by an EU programme
International Max Planck Research School for Chemistry and Physics of Quantum Materials,,,Public Research Institution,447535,19/09/2019,Multiple PhD positions in quantum materials research,2 months 1 week,Expired,11,"Chemistry › Inorganic chemistry, Chemistry › Structural chemistry, Physics › Condensed matter properties, Physics › Solid state physics, Physics › Chemical physics",Temporary,,Not funded by an EU programme
Lady Davis Institute for Medical Research,,,Higher Education Institute,387408,12/3/2019,"M.Sc. or Ph.D. position to study transcription factor function in stress response, inflammation and carcinogenesis",1 month 1 day,Expired,1,Biological sciences › Biology,Temporary,,Not funded by an EU programme
Lunenfeld-Tanenbaum Research Institute,,,Higher Education Institute,346213,12/10/2018,Principal Investigator - Assistant Professor,1 month 1 day,Expired,2,Biological sciences › Biology,Permanent,,Not funded by an EU programme
McGill University,Bioresource Engineering,Jan Adamowski Research group,Higher Education Institute,249069,29/09/2017,"Funded Masters and PhD Positions at McGill University, Canada, in Inclusiveness of Community-based Participatory Modelling for Environmental Management",1 month 1 week,Expired,2,"Agricultural sciences, Anthropology › Communication anthropology, Biological sciences, Computer science, Economics › Agricultural economics, Engineering › Agricultural engineering, Engineering › Water resources engineering, Environmental science › Natural resources management",Temporary,249057-613666,Not funded by an EU programme
McMaster University,,,Higher Education Institute,390329,15/03/2019,Postdoctoral Fellow (Organic Synthesis Targeted to Silicone Polymers),1 month 1 day,Expired,2,Chemistry › Organic chemistry,Temporary,,Not funded by an EU programme
McMaster University,Obstetrics & Gynecology,,Higher Education Institute,549261,6/8/2020,Post-doctoral Fellowship in Perinatal Clinical Epidemiology at McMaster University,1 month 3 weeks,Expired,1,"Computer science › Database management, Mathematics › Statistics",To be defined,,Not funded by an EU programme
McMaster University,Obstetrics & Gynecology,,Higher Education Institute,549258,6/8/2020,Post-doctoral Fellowship in Systematic Review/Advanced Meta-analysis at McMaster University,1 month 3 weeks,Expired,1,"Computer science › Programming, Computer science › Database management, Mathematics › Computational mathematics, Mathematics › Statistics, Mathematics › Other",To be defined,,Not funded by an EU programme
McMaster University,Obstetrics & Gynecology,,Higher Education Institute,477584,3/1/2020,Post-doctoral Fellowship in Advanced Meta-analysis of Psychological Factors on Perinatal Outcomes at McMaster University,2 months 2 hours,Expired,1,"Computer science › Database management, Mathematics › Statistics, Other, Psychological sciences › Psychology",To be defined,,Not funded by an EU programme
McMaster University,Obstetrics & Gynecology,,Higher Education Institute,477583,3/1/2020,Post-doctoral Fellowship in perinatal mental health research at McMaster University,2 months 2 hours,Expired,1,"Other, Psychological sciences › Psychology",To be defined,,Not funded by an EU programme
McMaster University,Obstetrics & Gynecology,,Higher Education Institute,477581,3/1/2020,Post-doctoral Fellowship in perinatal predictive modeling at McMaster University,2 months 2 hours,Expired,1,"Computer science › Database management, Mathematics › Statistics, Other",To be defined,,Not funded by an EU programme
McMaster University,Obstetrics & Gynecology,,Higher Education Institute,477579,3/1/2020,Post-doctoral Fellowship in Advanced Meta-analysis in Perinatology at McMaster University,2 months 2 hours,Expired,1,"Computer science › Programming, Computer science › Database management, Mathematics › Computational mathematics, Mathematics › Statistics, Other",To be defined,,Not funded by an EU programme
McMaster University,Obstetrics & Gynecology,,Higher Education Institute,458470,28/10/2019,Post-doctoral Fellowship in Advanced Meta-analysis of Psychological Factors on Perinatal Outcomes at McMaster University,1 month 1 week,Expired,1,"Mathematics › Statistics, Other, Psychological sciences › Psychology",To be defined,,Not funded by an EU programme
McMaster University,Obstetrics & Gynecology,,Higher Education Institute,458467,28/10/2019,Post-doctoral Fellowship in Advanced Meta-analysis in Perinatology at McMaster University,1 month 1 week,Expired,1,"Computer science › Database management, Mathematics › Statistics, Other",To be defined,,Not funded by an EU programme
McMaster University,Obstetrics & Gynecology,,Higher Education Institute,458466,28/10/2019,Post-doctoral Fellowship in perinatal predictive modeling at McMaster University,1 month 1 week,Expired,2,"Computer science › Programming, Mathematics › Statistics, Other",To be defined,,Not funded by an EU programme
McMaster University,Obstetrics & Gynecology,,Higher Education Institute,455372,16/10/2019,Post-doctoral Fellowship in perinatal mental health research at McMaster University,1 month 2 weeks,Expired,1,"Computer science › Database management, Mathematics › Statistics, Other, Psychological sciences › Psychology",To be defined,,Not funded by an EU programme
McMaster University,Obstetrics & Gynecology,,Higher Education Institute,322336,6/7/2018,Post-doctoral Fellowship in psychological predictors of pregnancy outcomes and perinatal predictive modeling,1 month 3 weeks,Expired,1,"Computer science › Database management, Mathematics › Computational mathematics, Psychological sciences › Psychology",To be defined,,Not funded by an EU programme
McMaster University,Obstetrics & Gynecology,,Higher Education Institute,322335,6/7/2018,Post-doctoral Fellowship in Advanced Meta-analysis of Psychological Factors on Perinatal Outcomes,1 month 3 weeks,Expired,1,"Computer science › Database management, Psychological sciences › Psychology",To be defined,,Not funded by an EU programme
McMaster University,Obstetrics & Gynecology,,Higher Education Institute,322334,6/7/2018,Post-doctoral Fellowship in perinatal predictive modeling at McMaster University,1 month 3 weeks,Expired,1,"Computer science › Database management, Computer science › Programming, Mathematics › Computational mathematics, Mathematics › Statistics, Mathematics › Other",To be defined,,Not funded by an EU programme
McMaster University,Obstetrics & Gynecology,,Higher Education Institute,321581,4/7/2018,Post-doctoral Fellowship in Advanced Meta-analysis in Perinatology at McMaster University,1 month 3 weeks,Expired,1,"Computer science › Programming, Computer science › Database management, Mathematics › Statistics, Mathematics › Other, Mathematics › Computational mathematics",To be defined,,Not funded by an EU programme
"Motor Learning and Plasticity Laboratory, University of Montreal",,,Research Laboratory,240750,22/08/2017,PhD studentship,3 weeks 3 days,Expired,1,Neurosciences › Other,Other,,Not funded by an EU programme
Polytechnique Montreal,Mechanical Engineering (UME),LM2,Higher Education Institute,361634,6/12/2018,PhD and Posdoctoral positions at Polytechnique Montreal,4 months 3 weeks,Expired,3,"Engineering › Aerospace engineering, Engineering › Chemical engineering, Engineering › Mechanical engineering",Temporary,,Not funded by an EU programme
Polytechnique Montreal,Mechanical Engineering (UME),LM2,Higher Education Institute,350757,29/10/2018,"Funded PhD Thesis: Fluid-Structure Interactions in Hydraulic Turbines - Montreal, Canada",1 month 2 days,Expired,1,"Engineering › Simulation engineering, Engineering › Mechanical engineering",Temporary,,Not funded by an EU programme
Polytechnique Montreal,Mechanical Engineering (UME),LM2,Higher Education Institute,328956,1/8/2018,Two PhD and one postdoctoral positions at Polytechnique Montreal,1 month 1 day,Expired,3,Engineering › Mechanical engineering,Temporary,,Not funded by an EU programme
Polytechnique Montreal,Mechanical Engineering (UME),LM2,Higher Education Institute,291116,21/03/2018,4 PhDs and 1 MSc at Polytechnique Montreal related to Aerospace,2 years 11 months,Closed,5,Engineering › Mechanical engineering,Temporary,,Not funded by an EU programme
Polytechnique Montreal,Mechanical Engineering (UME),LM2,Higher Education Institute,290415,19/03/2018,Multiple PhD and one postdoctoral positions at Polytechnique Montreal,2 years 11 months,Closed,5,"Engineering › Mechanical engineering, Engineering › Aerospace engineering",Temporary,,Not funded by an EU programme
princess margaret cancer centre,,Mathieu Lupien Laboratory,Research Laboratory,313336,8/6/2018,postdoctoral fellow,2 months 1 week,Expired,3,"Biological sciences, Computer science, Medical sciences",Other,,Not funded by an EU programme
Ryerson University,,,Higher Education Institute,584958,7/12/2020,PhD Student Position in Bioelectronics,1 month 3 weeks,Expired,2,"Engineering › Electrical engineering, Engineering › Biomedical engineering",Temporary,RU-ELE21VV-CA,Not funded by an EU programme
Simon Fraser University,Computing Science,,Higher Education Institute,468110,30/11/2019,Postdoc: Understanding the genetic basis of COPD through functional genomics.,7 months 4 days,Expired,1,"Biological sciences › Biology, Computer science › Informatics",Temporary,,Not funded by an EU programme
TandemLaunch,,,"Small Medium Enterprise, Start-up",364464,17/12/2018,Engineering Lead (Venture-Backed Startup),1 month 1 day,Expired,3,"Computer science › Computer hardware, Engineering › Electrical engineering, Physics › Optics",Permanent,,Not funded by an EU programme
The Cities and Infrastructure Systems Lab,Civil Engineering,,Research Laboratory,464462,18/11/2019,Graduate Position (Masters or PhD) in Urban Resilience and Climate Change Adaptation,2 months 2 weeks,Expired,1,"Engineering, Geography",Temporary,,Not funded by an EU programme
The Cities and Infrastructure Systems Lab,Civil Engineering,,Research Laboratory,430032,23/07/2019,Funded Graduate Student Position: Applying computer modeling or machine intelligence to disaster and climate change resilience,1 month 3 weeks,Expired,2,"Computer science, Engineering",Temporary,,Not funded by an EU programme
The Cities and Infrastructure Systems Lab,Civil Engineering,,Research Laboratory,310299,29/05/2018,Postdoctoral Fellow in Coastal Community Resilience,1 month 2 weeks,Expired,1,"Engineering › Industrial engineering, Engineering › Civil engineering, Geography › Other",Temporary,,Not funded by an EU programme
The Cities and Infrastructure Systems Lab,Civil Engineering,,Research Laboratory,242728,2/9/2017,Masters in Building Information Modeling and Virtual Reality,4 months 22 hours,Expired,1,Engineering,Not Applicable,,Not funded by an EU programme
The Cities and Infrastructure Systems Lab,Civil Engineering,,Research Laboratory,211774,23/04/2017,Masters or PhD in resilient and sustainable cities and infrastructure systems,8 months 1 week,Expired,2,Engineering,Not Applicable,,Not funded by an EU programme
The Refugee Hub,,,Other,534047,18/06/2020,Alex Trebek Postdoctoral Fellowship: Securing Rights in a Changing Order,1 week 5 days,Expired,1,"Juridical sciences › Other, Political sciences › Public policy",Temporary,,Not funded by an EU programme
The University of British Columbia,,,Higher Education Institute,607411,18/02/2021,"Assistant Professor, Tenure Track - Surgery (translational transplantation and regenerative medicine)",1 day 11 hours,Published,1,Medical sciences › Medicine,Permanent,EU-54914,Not funded by an EU programme
The University of British Columbia,,,Higher Education Institute,607016,18/02/2021,"Lecturer, Master of Urban Forestry Leadership",1 day 19 hours,Published,1,"Agricultural sciences › Forest sciences, Environmental science › Ecology",Temporary,EU-54913,Not funded by an EU programme
The University of British Columbia,,,Higher Education Institute,606527,16/02/2021,Postdoctoral Fellow - Access to Justice Project,3 days 13 hours,Published,1,"Medical sciences › Medicine, Sociology › Socio-economic research",Temporary,EU-54907,Not funded by an EU programme
The University of British Columbia,,,Higher Education Institute,606526,16/02/2021,"Postdoc Teaching Fellow - Introduction to Clinical, Patient Oriented and Translational Research (MEDI 503)",3 days 16 hours,Published,1,Medical sciences › Medicine,Temporary,EU-54900,Not funded by an EU programme
The University of British Columbia,,,Higher Education Institute,604268,11/2/2021,"Funded PhD Position (Young People, Substance Use, Harm Reduction/Substance Use Care)",1 week 1 day,Published,1,"Anthropology › Social anthropology, Anthropology › Medical anthropology, Anthropology › Cultural anthropology, Geography › Human geography, Medical sciences › Medicine, Sociology › Socio-economic research, Sociology › Urban sociology, Sociology › Societal behaviour",Temporary,EU-54522,Not funded by an EU programme
The University of British Columbia,,,Higher Education Institute,602267,5/2/2021,MSc Positions in Pathology & Laboratory Medicine at the University of British Columbia,2 weeks 1 day,Published,2,Medical sciences,Temporary,EU-54885,Not funded by an EU programme
The University of British Columbia,,,Higher Education Institute,602268,5/2/2021,PhD Positions in Pathology & Laboratory Medicine at the University of British Columbia,2 weeks 1 day,Published,2,Medical sciences,Temporary,EU-54886,Not funded by an EU programme
The University of British Columbia,,,Higher Education Institute,601267,3/2/2021,Postdoctoral Research Fellow in Urban Climate Action,2 weeks 2 days,Published,1,"Architecture › Design, Computer science › Modelling tools, Political sciences › Public awareness of science",Temporary,EU-54881,Not funded by an EU programme
The University of British Columbia,,,Higher Education Institute,600787,1/2/2021,Postdoctoral Fellow in Housing and Wellbeing,2 weeks 4 days,Published,1,"Architecture › Design, Geography › Other",Temporary,EU-54873,Not funded by an EU programme
The University of British Columbia,,,Higher Education Institute,600788,1/2/2021,North Pacific Zooplankton Ecology,2 weeks 4 days,Published,1,"Biological sciences › Biology, Environmental science › Ecology",Temporary,EU-54874,Not funded by an EU programme
The University of British Columbia,,,Higher Education Institute,600789,1/2/2021,North Pacific Food Webs,2 weeks 4 days,Published,1,"Biological sciences › Biology, Environmental science › Ecology",Temporary,EU-54875,Not funded by an EU programme
The University of British Columbia,,,Higher Education Institute,599771,28/01/2021,"Postdoctoral Fellow - Zoubeidi Lab, Vancouver Prostate Centre",3 weeks 1 day,Published,1,Medical sciences › Medicine,Temporary,EU-54862,Not funded by an EU programme
The University of British Columbia,,,Higher Education Institute,599011,27/01/2021,Dorothy Dallas PhD Scholarship - French Studies,3 weeks 2 days,Published,1,Literature › European literature,Temporary,EU-54857,Not funded by an EU programme
The University of British Columbia,,,Higher Education Institute,598233,25/01/2021,Bioinformatics and Synthetic Biology,3 weeks 4 days,Published,1,Chemistry › Biochemistry,Temporary,EU-54833,Not funded by an EU programme
The University of British Columbia,,,Higher Education Institute,598234,24/01/2021,Postdoctoral Fellowships available in bioenergy systems analysis,3 weeks 5 days,Published,1,Engineering › Chemical engineering,Temporary,EU-54852,Not funded by an EU programme
The University of British Columbia,,,Higher Education Institute,596839,20/01/2021,Postdoctoral Fellowship available in applied catalysis for biomass conversion processes,1 month 20 hours,Published,1,Engineering › Chemical engineering,Temporary,EU-54848,Not funded by an EU programme
The University of British Columbia,,,Higher Education Institute,595901,18/01/2021,Postdoctoral Fellow - Carbon Black,1 month 2 days,Published,1,"Chemistry › Applied chemistry, Chemistry › Other, Chemistry › Instrumental analysis, Engineering › Materials engineering",Temporary,EU-54843,Not funded by an EU programme
The University of British Columbia,,,Higher Education Institute,595900,17/01/2021,Postdoctoral Fellow in Solid-State Battery Development,1 month 3 days,Published,1,Engineering,Temporary,EU-54842,Not funded by an EU programme
The University of British Columbia,,,Higher Education Institute,595899,15/01/2021,PhD student in Computational Fluid Dynamics of Indoor Airborne Disease Transmission,1 month 5 days,Published,1,"Engineering › Civil engineering, Engineering › Mechanical engineering, Engineering › Biomedical engineering",Temporary,EU-54840,Not funded by an EU programme
The University of British Columbia,,,Higher Education Institute,594179,12/1/2021,Funded PhD position at UBC's School of Community and Regional Planning - Coastal Adaptation and Indigenous Governance,2 weeks 6 days,Expired,1,"Environmental science › Global change, Medical sciences › Medicine",Temporary,EU-54831,Not funded by an EU programme
The University of British Columbia,,,Higher Education Institute,593356,8/1/2021,Postdoctoral Fellowship in Retinal Cell Therapy Development,1 month 1 week,Published,1,"Biological sciences, Chemistry › Organic chemistry",Temporary,EU-54825,Not funded by an EU programme
The University of British Columbia,,,Higher Education Institute,592416,5/1/2021,Photonic Biosensing – Post Doctoral Researcher,3 weeks 5 days,Expired,1,"Economics › Other, Engineering › Biomedical engineering, Engineering › Electrical engineering",Temporary,EU-54651,Not funded by an EU programme
The University of British Columbia,,,Higher Education Institute,591836,1/1/2021,"Research Associate - multidisciplinary project investigating head impact exposure, concussion bio-mechanics, and brain structural and functional changes",1 month 10 hours,Expired,1,"Engineering › Mechanical engineering, Engineering › Biomedical engineering, Sociology › Socio-economic research",Temporary,EU-54648,Not funded by an EU programme
The University of British Columbia,,,Higher Education Institute,590953,24/12/2020,Research Associate - zero-emission hydrogen production project,1 month 1 week,Expired,1,"Engineering › Electrical engineering, Engineering › Mechanical engineering",Temporary,EU-54641,Not funded by an EU programme
The University of British Columbia,,,Higher Education Institute,590952,24/12/2020,MSc Position in Forest Research,1 month 2 weeks,Expired,1,"Environmental science › Ecology, Environmental science › Global change, Environmental science › Natural resources management, Neurosciences › Neurobiology",Temporary,EU-54640,Not funded by an EU programme
The University of British Columbia,,,Higher Education Institute,590130,22/12/2020,Hakai Coastal Initiative Postdoctoral Fellowship in Continental Shelf Dynamics,1 month 4 weeks,Expired,1,"Biological sciences › Biology, Environmental science › Water science",Temporary,EU-54632,Not funded by an EU programme
The University of British Columbia,,,Higher Education Institute,590131,22/12/2020,Assistant or Associate Professor of Teaching (Tenure Track) | School of Biomedical Engineering,2 months 1 hour,Published,1,"Educational sciences › Teaching methods, Engineering › Biomedical engineering",Permanent,EU-54636,Not funded by an EU programme
The University of British Columbia,,,Higher Education Institute,589337,20/12/2020,PhD positions in Hispanic Studies at the University of British Columbia,1 month 1 week,Expired,1,"Language sciences › Languages, Literature › European literature",Temporary,EU-54630,Not funded by an EU programme
The University of British Columbia,,,Higher Education Institute,589336,20/12/2020,PhD positions in French Studies at the University of British Columbia,1 month 1 week,Expired,1,"Cultural studies › European studies, Language sciences › Languages, Literature › European literature",Temporary,EU-54629,Not funded by an EU programme
The University of British Columbia,,,Higher Education Institute,589198,18/12/2020,Post-Doctoral Fellowship in Computer-Assisted Mandibular Reconstruction Surgery,2 months 1 hour,Expired,1,Engineering › Biomedical engineering,Temporary,EU-54626,Not funded by an EU programme
The University of British Columbia,,,Higher Education Institute,587984,16/12/2020,MSc Positions in Chemistry at the University of British Columbia,2 months 7 hours,Expired,1,Chemistry,Temporary,EU-54620,Not funded by an EU programme
The University of British Columbia,,,Higher Education Institute,587983,16/12/2020,PhD Positions in Chemistry at The University of British Columbia,2 months 7 hours,Expired,1,Chemistry,Temporary,EU-54619,Not funded by an EU programme
The University of British Columbia,,,Higher Education Institute,586827,11/12/2020,Postdoctoral Fellow (PDF) Position in Targeted Drug Delivery and Nanomedicine,2 months 1 hour,Expired,1,Medical sciences › Medicine,Temporary,EU-54608,Not funded by an EU programme
The University of British Columbia,,,Higher Education Institute,586125,9/12/2020,Assistant Professor in Earth Science Discipline-Based Education Research,1 month 3 weeks,Expired,1,"Engineering › Geological engineering, Environmental science › Earth science, Geosciences › Geology",Permanent,EU-54601,Not funded by an EU programme
The University of British Columbia,,,Higher Education Institute,585634,8/12/2020,Postdoc Fellow Position - Wearable Sensors for Detecting Cardiac Arrest,2 months 1 week,Published,1,Engineering › Biomedical engineering,Temporary,EU-54591,Not funded by an EU programme
The University of British Columbia,,,Higher Education Institute,585311,8/12/2020,Research Assistant - Neuroinflammation research in multiple sclerosis,2 months 10 hours,Expired,1,Neurosciences › Other,Permanent,EU-54589,Not funded by an EU programme
The University of British Columbia,,,Higher Education Institute,585310,8/12/2020,Assistant Professor (tenure track) - Computer Science,1 month 1 week,Expired,1,Computer science › Other,Permanent,EU-54588,Not funded by an EU programme
The University of British Columbia,,,Higher Education Institute,585309,8/12/2020,Postdoctoral fellow in neuroinflammation research,3 weeks 2 days,Expired,1,"Biological sciences, Medical sciences › Other",Temporary,EU-54569,Not funded by an EU programme
The University of British Columbia,,,Higher Education Institute,584755,6/12/2020,Postdoctoral position in Developmental Epigenetics,2 months 2 weeks,Published,1,Biological sciences › Biology,Temporary,EU-54581,Not funded by an EU programme
The University of British Columbia,,,Higher Education Institute,584754,6/12/2020,Four year PhD-fellowship in forest resilience to climate change,1 month 3 weeks,Expired,1,Agricultural sciences › Forest sciences,Temporary,EU-54579,Not funded by an EU programme
The University of British Columbia,,,Higher Education Institute,583671,3/12/2020,Research Associate,1 month 1 day,Expired,1,Pharmacological sciences,Temporary,EU-54576,Not funded by an EU programme
The University of British Columbia,,,Higher Education Institute,583160,2/12/2020,Identifying Causes of Hydrological Disturbances Under Changing Climate: A Statistical Machine Learning approach,2 months 1 day,Expired,1,"Engineering › Water resources engineering, Environmental science › Global change, Environmental science › Water science, Environmental science › Natural resources management, Environmental science › Earth science, Geosciences › Hydrology, Mathematics › Statistics",Temporary,EU-54573,Not funded by an EU programme
The University of British Columbia,,,Higher Education Institute,583159,2/12/2020,Process-based evaluation of streamflow vulnerability to climate change across North America (PhD),2 months 2 weeks,Published,2,"Engineering › Water resources engineering, Environmental science › Earth science, Environmental science › Global change, Environmental science › Natural resources management, Environmental science › Water science, Geosciences › Hydrology, Geosciences › Geology",Temporary,EU-54572,Not funded by an EU programme
The University of British Columbia,,,Higher Education Institute,583158,2/12/2020,Process-based evaluation of streamflow vulnerability to climate change across North America (MSc),2 months 2 weeks,Published,2,"Engineering › Water resources engineering, Environmental science › Global change, Environmental science › Natural resources management, Environmental science › Water science, Environmental science › Earth science, Environmental science › Ecology",Temporary,EU-54571,Not funded by an EU programme
The University of British Columbia,,,Higher Education Institute,582721,1/12/2020,Assessment of future climate and forest growth projections to inform silvicultural regimes,2 months 2 days,Expired,1,Technology › Remote sensing,Temporary,EU-54570,Not funded by an EU programme
The University of British Columbia,,,Higher Education Institute,581978,27/11/2020,Assistant Professor of Teaching (Tenure Track),1 month 5 days,Expired,1,Pharmacological sciences,Permanent,EU-54563,Not funded by an EU programme
The University of British Columbia,,,Higher Education Institute,581744,26/11/2020,Postdoctoral fellow scholar in computational design of ligands for radiotherapies against cancer,3 weeks 5 days,Expired,1,"Biological sciences › Biological engineering, Mathematics › Applied mathematics, Mathematics › Other",Temporary,EU-54565,Not funded by an EU programme
The University of British Columbia,,,Higher Education Institute,581743,26/11/2020,PhD positions in Chemistry available in the Huan lab,2 months 3 weeks,Published,1,Chemistry › Analytical chemistry,Temporary,EU-54492,Not funded by an EU programme
The University of British Columbia,,,Higher Education Institute,580913,25/11/2020,Ecology Postdoctoral Fellowship,1 month 1 week,Expired,2,Economics › Land economy,Temporary,EU-54560,Not funded by an EU programme
The University of British Columbia,,,Higher Education Institute,580912,25/11/2020,"PhD Graduate Studentship, School of Kinesiology UBC",2 months 5 days,Expired,2,Psychological sciences,Temporary,EU-54558,Not funded by an EU programme
The University of British Columbia,,,Higher Education Institute,580911,25/11/2020,Computer Science - Full Professor (tenure track),1 month 1 week,Expired,2,Computer science › Other,Permanent,EU-54556,Not funded by an EU programme
The University of British Columbia,,,Higher Education Institute,580910,25/11/2020,"Lecturer, Master of Urban Forestry Leadership",1 month 1 week,Expired,2,Environmental science › Natural resources management,Temporary,EU-54554,Not funded by an EU programme
The University of British Columbia,,,Higher Education Institute,579436,20/11/2020,Assistant Professor Tenure Track - Statistics,1 month 2 weeks,Expired,1,Mathematics › Statistics,Permanent,EU-54542,Not funded by an EU programme
The University of British Columbia,,,Higher Education Institute,579435,20/11/2020,Assistant Professor Tenure Track - Statistics,1 month 2 weeks,Expired,1,Mathematics › Statistics,Permanent,EU-54541,Not funded by an EU programme
The University of British Columbia,,,Higher Education Institute,579434,20/11/2020,Mathematics Assistant Professor (tenure track),1 week 3 days,Expired,1,Mathematics › Applied mathematics,Permanent,EU-54540,Not funded by an EU programme
The University of British Columbia,,,Higher Education Institute,579433,20/11/2020,PhD Student in Planning,2 months 1 week,Expired,1,Geography › Social geography,Temporary,EU-54527,Not funded by an EU programme
The University of British Columbia,,,Higher Education Institute,579082,18/11/2020,Assistant Professor in Indigenous Land and Natural Resources Governance,1 month 4 weeks,Expired,1,"Ethics in natural sciences, Political sciences",Permanent,EU-54533,Not funded by an EU programme
The University of British Columbia,,,Higher Education Institute,578289,17/11/2020,"Postdoctoral fellow position in Covid-19 research at the University of British Columbia, Okanagan Campus",2 weeks 6 hours,Expired,1,Biological sciences › Biology,Temporary,EU-54518,Not funded by an EU programme
The University of British Columbia,,,Higher Education Institute,577372,12/11/2020,Assistant Professor of Environmental Governance and Business,2 months 4 days,Expired,2,Environmental science › Natural resources management,Permanent,EU-54515,Not funded by an EU programme
The University of British Columbia,,,Higher Education Institute,576408,10/11/2020,"Part-time (50%) Research Associate, Task Force on Race, Indigeneity and Social Justice",2 weeks 1 day,Expired,1,Cultural studies › Other,Temporary,EU-54502,Not funded by an EU programme
The University of British Columbia,,,Higher Education Institute,575789,8/11/2020,Assistant Professor of Biodiversity Data Science Cluster hire at the University of British Columbia,3 weeks 2 days,Expired,1,Biological sciences › Biodiversity,Permanent,EU-54450,Not funded by an EU programme
The University of British Columbia,,,Higher Education Institute,575790,8/11/2020,Postdoctoral fellow position in metabolomics and systems biology at the University of British Columbia,3 months 1 week,Published,1,"Chemistry › Analytical chemistry, Chemistry › Biochemistry",Temporary,EU-54491,Not funded by an EU programme
The University of British Columbia,,,Higher Education Institute,573994,3/11/2020,Tenure-track Assistant Professor - Tier 2 CRC in Quantum Algorithms,4 weeks 8 hours,Expired,2,Engineering,Permanent,EU-54483,Not funded by an EU programme
The University of British Columbia,,,Higher Education Institute,573995,3/11/2020,Tenure-track Assistant Professor - Artificial Intelligence/Machine Learning in Healthcare,4 weeks 8 hours,Expired,2,Engineering,Permanent,EU-54484,Not funded by an EU programme
The University of British Columbia,,,Higher Education Institute,573580,1/11/2020,Postdoctoral Researcher – Particle Physics / Rare Decay,3 months 2 weeks,Published,1,Physics,Temporary,EU-54480,Not funded by an EU programme
The University of British Columbia,,,Higher Education Institute,572060,28/10/2020,Postdoctoral Fellow: 5G and drones,1 month 3 days,Expired,1,"Engineering › Communication engineering, Engineering › Computer engineering, Engineering › Electrical engineering, Technology › Communication technology",Temporary,EU-54473,Not funded by an EU programme
The University of British Columbia,,,Higher Education Institute,571643,27/10/2020,Assistant Professor of Connectivity Science,1 month 4 weeks,Expired,1,Environmental science › Ecology,Permanent,EU-54470,Not funded by an EU programme
The University of British Columbia,,,Higher Education Institute,571644,26/10/2020,Lecturer Position in Forest Operations,1 month 5 days,Expired,1,Environmental science › Natural resources management,Temporary,EU-54471,Not funded by an EU programme
The University of British Columbia,,,Higher Education Institute,571307,26/10/2020,Graduate position in evolutionary ecology,2 weeks 6 days,Expired,1,Biological sciences,Temporary,EU-54469,Not funded by an EU programme
The University of British Columbia,,,Higher Education Institute,570065,21/10/2020,Tenure-Track Assistant Professor/Tier 2 Canada Research Chair Position,2 months 9 hours,Expired,1,Pharmacological sciences,Permanent,EU-54458,Not funded by an EU programme
The University of British Columbia,,,Higher Education Institute,570064,20/10/2020,Assistant Professor of Conservation and Restoration Science,2 months 1 hour,Expired,1,"Biological sciences › Biodiversity, Environmental science › Ecology",Permanent,EU-54457,Not funded by an EU programme
The University of British Columbia,,,Higher Education Institute,568720,15/10/2020,Postdoctoral Research Associate - Adult Language Processing and Disorders Lab,5 months 2 weeks,Expired,1,"Communication sciences › Other, Language sciences › Linguistics, Medical sciences › Other, Psychological sciences › Behavioural sciences, Psychological sciences › Cognitive science",Temporary,EU-54446,Not funded by an EU programme
The University of British Columbia,,,Higher Education Institute,568719,15/10/2020,"Academic Coordinator, EdD Program",2 weeks 7 hours,Expired,1,Educational sciences › Education,Permanent,EU-54445,Not funded by an EU programme
The University of British Columbia,,,Higher Education Institute,567459,13/10/2020,Assistant Professor of Urban Forest Design,2 months 3 days,Expired,1,Environmental science › Natural resources management,Permanent,EU-54433,Not funded by an EU programme
The University of British Columbia,,,Higher Education Institute,566129,8/10/2020,Systems Neuroscience Postdoctoral Position,2 months 8 hours,Expired,1,"Biological sciences › Zoology, Biological sciences › Laboratory animal science, Neurosciences › Neurobiology, Neurosciences › Neurophysiology",Temporary,EU-54429,Not funded by an EU programme
The University of British Columbia,,,Higher Education Institute,566128,7/10/2020,Assistant Professor (Tenure-Track) in Forest Management,1 month 4 days,Expired,1,Environmental science › Natural resources management,Permanent,EU-54425,Not funded by an EU programme
The University of British Columbia,,,Higher Education Institute,565688,7/10/2020,Assistant Professor of Teaching (Tenure-Track) in Biometrics and Computation,1 month 4 days,Expired,1,Environmental science › Natural resources management,Permanent,EU-54420,Not funded by an EU programme
The University of British Columbia,,,Higher Education Institute,565168,5/10/2020,POST-DOCTORAL POSITION: Preclinical studies of SARS-CoV-2/COVID-19 candidate therapeutics using 2D- and 3D- cell culture and organoids,3 weeks 4 days,Expired,1,"Biological sciences › Biology, Medical sciences",Temporary,EU-54417,Not funded by an EU programme
The University of British Columbia,,,Higher Education Institute,564831,5/10/2020,Modeling Biodiversity and Ecosystem Services in the Metro Vancouver Region,2 months 4 weeks,Expired,1,Environmental science › Ecology,Temporary,EU-54415,Not funded by an EU programme
The University of British Columbia,,,Higher Education Institute,564187,1/10/2020,5G Data-driven Natural Asset Monitoring and Management (Postdoctoral Fellow),1 week 1 day,Expired,1,"Engineering, Environmental science › Natural resources management",Temporary,EU-54412,Not funded by an EU programme
The University of British Columbia,,,Higher Education Institute,564186,1/10/2020,Data-driven Natural Asset Monitoring (Postdoctoral Fellow),1 week 1 day,Expired,1,"Engineering › Electrical engineering, Environmental science › Natural resources management",Temporary,EU-54411,Not funded by an EU programme
The University of British Columbia,,,Higher Education Institute,562925,29/09/2020,Research Associate in Mesoscopic and Nanoscale Thermal Transport Phenomena,1 month 1 day,Expired,1,Physics › Condensed matter properties,Temporary,EU-54399,Not funded by an EU programme
The University of British Columbia,,,Higher Education Institute,561626,24/09/2020,Assistant Professor in Condensed Matter Physics,2 months 3 weeks,Expired,1,Physics,Permanent,EU-54390,Not funded by an EU programme
The University of British Columbia,,,Higher Education Institute,561625,24/09/2020,RA Position in the UBC CHIME Cosmology Group,1 month 1 day,Expired,1,Astronomy › Astrophysics,Temporary,EU-54387,Not funded by an EU programme
The University of British Columbia,,,Higher Education Institute,561284,23/09/2020,MSc position in environmental economics and geospatial analysis,1 month 1 week,Expired,1,Economics › Environmental economics,Temporary,EU-54377,Not funded by an EU programme
The University of British Columbia,,,Higher Education Institute,561283,23/09/2020,Postdoctoral Researcher to Lead a Sports Brain Injury Study at the University of British Columbia,3 weeks 1 day,Expired,1,"Engineering › Biomedical engineering, Engineering › Mechanical engineering, Neurosciences › Neurology, Physics › Biophysics",Temporary,EU-54373,Not funded by an EU programme
The University of British Columbia,,,Higher Education Institute,560295,21/09/2020,Targeting Cancer Specific Cell Surface Epitopes – Postdoctoral Fellow at UBC Vancouver,2 weeks 5 days,Expired,1,"Biological sciences › Biology, Medical sciences › Medicine",Temporary,EU-54354,Not funded by an EU programme
The University of British Columbia,,,Higher Education Institute,560296,21/09/2020,"Assistant, Associate, and Full Professors in Mechanical Engineering",1 month 3 weeks,Expired,1,Engineering › Mechanical engineering,Permanent,EU-54361,Not funded by an EU programme
The University of British Columbia,,,Higher Education Institute,560291,20/09/2020,"Mapping and Monitoring Microphytobenthos (MPB) using Remote Sensing in the Fraser River estuary, British Columbia",1 month 3 weeks,Expired,1,Technology › Remote sensing,Temporary,EU-54340,Not funded by an EU programme
The University of British Columbia,,,Higher Education Institute,560294,18/09/2020,Stem Cell Research Technician,5 months 4 days,Published,1,"Biological sciences › Biology, Medical sciences › Medicine",Temporary,EU-54350,Not funded by an EU programme
The University of British Columbia,,,Higher Education Institute,560293,18/09/2020,Mapping plant traits across Canadian ecosystems using Hyperion data (Postdoctoral Fellow),3 months 3 weeks,Expired,1,Environmental science › Natural resources management,Temporary,EU-54349,Not funded by an EU programme
The University of British Columbia,,,Higher Education Institute,560292,18/09/2020,Postdoctoral Research Fellow - UBC Quantum Matter Institute,1 month 1 week,Expired,1,Physics › Condensed matter properties,Temporary,EU-54347,Not funded by an EU programme
The University of British Columbia,,,Higher Education Institute,559173,16/09/2020,"Postdoctoral Fellow, Gene Regulation - de Boer Lab",1 month 2 weeks,Expired,1,"Biological sciences › Biological engineering, Computer science › Other, Medical sciences › Medicine",Temporary,EU-54339,Not funded by an EU programme
The University of British Columbia,,,Higher Education Institute,558638,15/09/2020,"Postdoctoral Fellow, Wound Healing and/or Dermatology",5 months 1 week,Published,1,Medical sciences,Temporary,EU-54335,Not funded by an EU programme
The University of British Columbia,,,Higher Education Institute,558637,15/09/2020,Postdoctoral Fellow. Hydrogen Policy and Supply-Chain,3 months 2 weeks,Expired,1,"Economics › Transport economics, Engineering › Other, Political sciences › Other, Technology › Transport technology, Technology › Energy technology",Temporary,EU-54334,Not funded by an EU programme
The University of British Columbia,,,Higher Education Institute,558636,14/09/2020,Postdoctoral Fellow in high-temperature and high-pressure electrochemistry,1 month 2 weeks,Expired,1,"Chemistry › Other, Engineering › Mechanical engineering, Engineering › Other, Engineering › Chemical engineering, Technology › Energy technology",Temporary,EU-54333,Not funded by an EU programme
The University of British Columbia,,,Higher Education Institute,557715,10/9/2020,Postdoctoral Research Fellowship in Adolescent Development and Technology Engagement,1 month 5 days,Expired,1,Psychological sciences,Temporary,EU-54322,Not funded by an EU programme
The University of British Columbia,,,Higher Education Institute,557714,10/9/2020,PhD Student Position in the Development of Novel Topical Therapies for Atopic Diseases,1 month 3 weeks,Expired,1,"Medical sciences, Pharmacological sciences, Technology › Pharmaceutical technology",Temporary,EU-54281,Not funded by an EU programme
The University of British Columbia,,,Higher Education Institute,557713,7/9/2020,PhD Student in Topical Gene Therapy,1 month 3 weeks,Expired,1,Technology › Biotechnology,Temporary,EU-54280,Not funded by an EU programme
The University of British Columbia,,,Higher Education Institute,557712,6/9/2020,Assistant or Associate Professor in Food Science,1 month 3 weeks,Expired,1,Biological sciences › Nutritional sciences,Temporary,EU-54266,Not funded by an EU programme
The University of British Columbia,,,Higher Education Institute,464834,20/11/2019,Watershed Management Under Changing Climate and Land-use,2 weeks 4 days,Expired,1,Environmental science › Water science,To be defined,,Not funded by an EU programme
The University of British Columbia,,,Higher Education Institute,458754,29/10/2019,Postdoctoral Research Fellow,1 week 5 days,Expired,1,"Engineering, Physics, Technology",Temporary,,Not funded by an EU programme
The University of British Columbia,,,Higher Education Institute,351826,2/11/2018,Development of evolutionary algorithms for structural optimization,4 months 8 hours,Expired,1,Engineering › Mechanical engineering,Not Applicable,,Not funded by an EU programme
The University of British Columbia,,,Higher Education Institute,351825,2/11/2018,Experimental evaluation and/or numerical modelling of advanced gas metal arc welding (GMAW),4 months 8 hours,Expired,1,Engineering › Mechanical engineering,Not Applicable,,Not funded by an EU programme
The University of British Columbia,,,Higher Education Institute,285473,5/3/2018,PhD position on fracture of steel in cryogenic temperatures,1 month 2 weeks,Expired,1,"Engineering › Mechanical engineering, Engineering › Other",Not Applicable,,Not funded by an EU programme
The University of British Columbia,,,Higher Education Institute,285471,5/3/2018,PhD position on simulations of arc welding,1 month 2 weeks,Expired,1,"Engineering › Materials engineering, Engineering › Mechanical engineering",Not Applicable,,Not funded by an EU programme
The University of British Columbia,,,Higher Education Institute,238604,8/8/2017,MASc position on optimization of structures,3 weeks 2 days,Expired,1,"Architecture › Naval architecture, Computer science › Modelling tools, Engineering › Other, Engineering › Mechanical engineering",Not Applicable,,Not funded by an EU programme
The University of British Columbia,,,Higher Education Institute,237173,1/8/2017,PhD position on welding experiments and simulations,1 month 2 weeks,Expired,1,"Engineering › Mechanical engineering, Engineering › Other, Engineering › Materials engineering",Not Applicable,,Not funded by an EU programme
The University of British Columbia,,,Higher Education Institute,235203,23/07/2017,PHD - Computational Modeling of Chemical and Biological Systems,6 months 1 day,Expired,1,Engineering › Chemical engineering,Not Applicable,,Not funded by an EU programme
The University of British Columbia,,,Higher Education Institute,235202,23/07/2017,PhD - Photoreactors for Water Purification,6 months 1 day,Expired,1,Engineering › Chemical engineering,Not Applicable,,Not funded by an EU programme
The University of British Columbia,,,Higher Education Institute,235201,23/07/2017,PHD - Artificial Photosynthetic Systems,6 months 1 day,Expired,1,Engineering › Chemical engineering,Not Applicable,,Not funded by an EU programme
The University of British Columbia,,,Higher Education Institute,218935,20/05/2017,PhD - Micromechanical Characterization and Modeling of Soft Particles,6 months 4 weeks,Expired,1,"Agricultural sciences › Agricultural products, Engineering › Materials engineering, Engineering › Chemical engineering, Engineering › Mechanical engineering",Not Applicable,,Not funded by an EU programme
The University of British Columbia,,,Higher Education Institute,160685,5/12/2016,"PhD - Kinesiology/Gender, Race, Sexuality and Social Justice - a socio-cultural study of physical activity in later life",1 month 4 weeks,Expired,1,Educational sciences › Other,To be defined,,Not funded by an EU programme
The University of British Columbia,,,Higher Education Institute,160681,5/12/2016,PhD - Experimental Medicine/Medical Genetics - identifying the determinants of severe adverse drug reactions (ADRs) in paediatric and adult populations,5 months 1 week,Expired,1,Medical sciences › Medicine,To be defined,,Not funded by an EU programme
The University of British Columbia,,,Higher Education Institute,160680,5/12/2016,PhD - Medical Genetics/Interdisciplinary Oncology - Genetics of healthy aging. Genetics of lymphoid cancers in families.,1 month 4 weeks,Expired,1,Medical sciences › Medicine,To be defined,,Not funded by an EU programme
The University of British Columbia,,,Higher Education Institute,160679,5/12/2016,PhD - Electrical and Computer Engineering - Security Analysis,1 month 1 week,Expired,1,Computer science › Computer systems,To be defined,,Not funded by an EU programme
The University of British Columbia,,,Higher Education Institute,160675,5/12/2016,PhD - Cell and Developmental Biology - Genetic causes of autism and intellectual disability,2 months 3 weeks,Expired,1,Medical sciences › Medicine,To be defined,,Not funded by an EU programme
The University of British Columbia,,,Higher Education Institute,158475,25/11/2016,PhD - Physical activity and public health - intervention development and evaluation,2 months 1 week,Expired,1,Medical sciences › Other,To be defined,,Not funded by an EU programme
The University of Western Ontario,Mechanical & Materials Engineering Department,Multi-scale deformation lab,Higher Education Institute,219882,24/05/2017,PhD positions in the area of materials modeling and characterization,1 month 1 day,Expired,2,"Engineering › Materials engineering, Engineering › Mechanical engineering",Temporary,,Not funded by an EU programme
Université de Montréal,Institut de Cardiologie de Montréal,Guillaume Lettre,Higher Education Institute,488747,4/2/2020,Postdoctoral position in hypertension genetics and genomics,1 month 3 weeks,Expired,2,"Biological sciences › Biology, Computer science › Other, Medical sciences › Medicine",To be defined,,Not funded by an EU programme
Université de Montréal,Ophthalmology,,Higher Education Institute,428127,17/07/2019,Post-doctoral fellow,1 month 2 weeks,Expired,1,Medical sciences › Other,To be defined,,Not funded by an EU programme
Université de Sherbrooke,Interdisciplinary Institute for Technological Innovation (3IT),,Higher Education Institute,532954,16/06/2020,PhD - Additive Micro-manufacturing for High-Density Interconnects,8 months 1 week,Closed,2,"Engineering › Materials engineering, Engineering › Electrical engineering, Physics › Applied physics",Temporary,,Not funded by an EU programme
Université de Sherbrooke,Interdisciplinary Institute for Technological Innovation (3IT),,Higher Education Institute,532954,16/06/2020,PhD - Additive Micro-manufacturing for High-Density Interconnects,8 months 1 week,Closed,2,"Engineering › Electrical engineering, Engineering › Materials engineering, Physics › Applied physics",Temporary,,Not funded by an EU programme
Université de Sherbrooke,Interdisciplinary Institute for Technological Innovation (3IT),,Higher Education Institute,532597,15/06/2020,PhD (ERC) Québec-France - Resistive Memories for Spiking Neural Networks,8 months 1 week,Published,1,"Engineering › Computer engineering, Medical sciences, Technology › Future technology",Temporary,773228,H2020 / ERC
Université de Sherbrooke,Interdisciplinary Institute for Technological Innovation (3IT),,Higher Education Institute,532597,15/06/2020,PhD (ERC) Québec-France - Resistive Memories for Spiking Neural Networks,8 months 1 week,Published,1,"Engineering › Computer engineering, Medical sciences, Technology › Future technology",Temporary,773228,H2020 / ERC
Université de Sherbrooke,Interdisciplinary Institute for Technological Innovation (3IT),,Higher Education Institute,521171,8/5/2020,PHD - STUDY OF PLASMA ETCHING PROCESSES OF METALLIC THIN FILMS FOR THE MICROFABRICATION OF HIGH-DENSITY INTERCONNECTIONS,9 months 2 weeks,Closed,1,"Engineering › Electrical engineering, Technology › Micro-technology",Temporary,,Not funded by an EU programme
Université de Sherbrooke,Interdisciplinary Institute for Technological Innovation (3IT),,Higher Education Institute,502386,9/3/2020,Postdoctoral fellowship in multidisciplinary modeling of battery packs with active cooling for aerospace and ground applications,1 month 1 day,Expired,1,Engineering,Not Applicable,,Not funded by an EU programme
Université de Sherbrooke,Interdisciplinary Institute for Technological Innovation (3IT),,Higher Education Institute,502385,9/3/2020,Postdoctoral fellowship in data-driven battery management system (BMS) for aerospace and ground applications,1 month 1 day,Expired,1,Engineering,Not Applicable,,Not funded by an EU programme
Université de Sherbrooke,Interdisciplinary Institute for Technological Innovation (3IT),,Higher Education Institute,481083,15/01/2020,PhD Thesis offer: VOx-based thermosensitive thin films for infrared imaging,1 month 23 hours,Expired,2,"Physics › Other, Technology",Temporary,,Not funded by an EU programme
Université de Sherbrooke,Interdisciplinary Institute for Technological Innovation (3IT),,Higher Education Institute,481082,15/01/2020,"PhD Thesis offer - ""AlN based piezoelectric thin films""",3 weeks 1 day,Expired,2,"Physics › Other, Technology",Temporary,,Not funded by an EU programme
Université de Sherbrooke,Interdisciplinary Institute for Technological Innovation (3IT),,Higher Education Institute,447126,18/09/2019,PhD: Micrometric Interconnects Using Additive Manufacturing (3D printing) for High Performance Computing,1 year 5 months,Closed,1,"Engineering › Electrical engineering, Technology › Nanotechnology",Temporary,,Not funded by an EU programme
Université de Sherbrooke,Interdisciplinary Institute for Technological Innovation (3IT),,Higher Education Institute,432944,31/07/2019,PhD : Memristor-based Neuromorphic Circuits & Machine Learning for Quantum State Tomography of Qubits,1 year 2 months,Expired,2,"Computer science › Computer architecture, Engineering › Electrical engineering, Physics › Quantum mechanics, Technology › Nanotechnology",Other,,Not funded by an EU programme
Université de Sherbrooke,Interdisciplinary Institute for Technological Innovation (3IT),,Higher Education Institute,411799,26/05/2019,PhD Project: NEUROMORPHIC CIRCUITS & MACHINE LEARNING FOR QUANTUM DOTS AUTOTUNING,7 months 1 week,Expired,1,"Computer science › Informatics, Engineering › Electrical engineering, Physics › Applied physics",Temporary,,Not funded by an EU programme
Université de Sherbrooke,Interdisciplinary Institute for Technological Innovation (3IT),,Higher Education Institute,399450,12/4/2019,THÈSE : Étude de Memristors à Base de TiO2 en Environnement Cryogénique Pour l’Informatique Quantique,6 months 3 weeks,Expired,1,"Engineering › Electronic engineering, Physics › Electronics, Technology › Nanotechnology",Temporary,,Not funded by an EU programme
Université de Sherbrooke,Interdisciplinary Institute for Technological Innovation (3IT),,Higher Education Institute,358616,27/11/2018,Postdoctoral position for the fabrication of RF-MEMS switches prototypes,2 months 5 days,Expired,1,"Engineering › Electrical engineering, Engineering › Mechanical engineering, Engineering › Microengineering",Temporary,,Not funded by an EU programme
Université du Québec à Rimouski,Institut des sciences de la mer de Rimouski (ISMER),Canada Research Chair in Marine Geology,Higher Education Institute,373915,25/01/2019,Faculty professor,2 months 2 weeks,Expired,1,"Biological sciences › Zoology, Environmental science › Ecology",Permanent,ISMER-19-01,Not funded by an EU programme
Université du Québec à Rimouski,Institut des sciences de la mer de Rimouski (ISMER),Canada Research Chair in Marine Geology,Higher Education Institute,279765,12/2/2018,Tenure track faculty position marine chemistry,2 months 27 min,Expired,1,Chemistry › Inorganic chemistry,Permanent,ISMER-18-02,Not funded by an EU programme
Université du Québec à Rimouski,Institut des sciences de la mer de Rimouski (ISMER),Canada Research Chair in Marine Geology,Higher Education Institute,182774,20/02/2017,Tenure Track Faculty Position in Biological Oceanography,2 months 1 week,Expired,1,Environmental science › Ecology,Permanent,ISMER-17-01,Not funded by an EU programme
Université du Québec à Rimouski,Institut des sciences de la mer de Rimouski (ISMER),Canada Research Chair in Marine Geology,Higher Education Institute,182771,20/02/2017,Tenure Track Faculty Position in Ecotoxicology,2 months 1 week,Expired,1,Chemistry › Other,Permanent,ISMER-17-02,Not funded by an EU programme
Université Laval,Génie civil et génie des eaux,,Higher Education Institute,532953,16/06/2020,Offre de Thèse en Génie Civil à l'université Laval (Québec),1 month 7 hours,Expired,1,"Economics, Engineering › Chemical engineering, Engineering › Civil engineering",Temporary,,Not funded by an EU programme
Université Laval,Génie civil et génie des eaux,,Higher Education Institute,357650,22/11/2018,Postdoctoral position in transboundary water resources management and climate change,3 months 3 weeks,Expired,2,"Engineering › Water resources engineering, Environmental science › Natural resources management",Temporary,,Not funded by an EU programme
University Health Network,Fundamental Neurobiology,Weaver Laboratory,International / Intergovernmental Organisation,542434,15/07/2020,2 Postdoctoral Research Fellow,1 month 1 week,Expired,2,"Chemistry › Applied chemistry, Chemistry › Organic chemistry, Chemistry › Other, Neurosciences",Temporary,,Not funded by an EU programme
University of Alberta,Department of Physics,,Higher Education Institute,352974,6/11/2018,Postdoctoral Researcher,2 months 3 weeks,Expired,1,Physics › Surface physics,To be defined,,Not funded by an EU programme
University of Alberta,Mechanical Engineering,Additive Design and Manufacturing Systems Laboratory,Public Research Institution,270866,9/1/2018,POSTDOCTORAL POSITION IN MODELING AND SIMULATION OF METAL ADDITIVE MANUFACTURING PROCESSES,1 month 2 weeks,Expired,1,"Engineering › Materials engineering, Engineering › Precision engineering, Engineering › Industrial engineering, Engineering › Mechanical engineering",Temporary,,Not funded by an EU programme
University of Bonn,"B-it, LIMES",Life Science Informatics,Higher Education Institute,569437,20/10/2020,PhD student positions in Life Science Informatics,2 months 1 week,Expired,2,Other,Temporary,,Not funded by an EU programme
University of Bremen,Faculty 11 – Human and Health Science,,Higher Education Institute,600584,2/2/2021,PROFESSOR (f/m/d) in GLOBAL HEALTH,2 weeks 3 days,Published,1,Other,Permanent,P911/21,Not funded by an EU programme
University of Bremen,Faculty 11 – Human and Health Science,,Higher Education Institute,566492,9/10/2020,Professorship (f/m/d) in Social Psychology (including Work and Organizational Psychology),1 month 3 weeks,Expired,1,Psychological sciences,Permanent,P606/20,Not funded by an EU programme
University of Bremen,Faculty 11 – Human and Health Science,,Higher Education Institute,553794,27/08/2020,Four full-time positions as Lecturer/Researcher with Tenure-Track to Senior Lecturer/-Researcher (f/m/d),2 months 3 weeks,Expired,4,Anthropology,Temporary,LK243/20-LK246/20,Not funded by an EU programme
University of Bremen,Faculty 11 – Human and Health Science,,Higher Education Institute,522042,11/5/2020,"2,0 (Senior) Researcher (w/m/d) und 1,0 (Senior) Lecturer (w/m/d) Stellen",1 month 1 week,Expired,3,Psychological sciences › Psychology,Temporary,,Not funded by an EU programme
University of Bremen,Faculty 11 – Human and Health Science,,Higher Education Institute,522035,11/5/2020,Two fulltime positions as Researchers with Tenure-Track to Senior Researchers (f/m/d),1 month 1 week,Expired,2,Psychological sciences › Psychology,Temporary,,Not funded by an EU programme
University of Calgary,Mechanical and Manufacturing Engineering,Computational Fluid & Structural Mechanics and High-Speed Aerodynamics and Energy Research groups,Higher Education Institute,600255,2/2/2021,Multiple Ph.D./M.Sc. in FSI Modeling for Marine Applications,2 weeks 4 days,Published,4,"Engineering › Aerospace engineering, Engineering › Mechanical engineering, Engineering › Simulation engineering, Engineering › Maritime engineering, Mathematics › Computational mathematics, Mathematics › Applied mathematics",Permanent,,Not funded by an EU programme
University of Calgary,Mechanical and Manufacturing Engineering,Computational Fluid & Structural Mechanics and High-Speed Aerodynamics and Energy Research groups,Higher Education Institute,577115,13/11/2020,Ph.D. in High-Fidelity Simulation for Aircrafts during Transonic and Supersonic Flight Regimes,3 months 1 week,Published,1,"Engineering › Thermal engineering, Engineering › Aerospace engineering, Engineering › Other, Engineering › Industrial engineering, Engineering › Mechanical engineering, Engineering › Simulation engineering, Engineering › Nuclear engineering, Physics",Permanent,,Not funded by an EU programme
University of Calgary,Mechanical and Manufacturing Engineering,Computational Fluid & Structural Mechanics and High-Speed Aerodynamics and Energy Research groups,Higher Education Institute,413341,1/6/2019,Ph.D. in Numerical Modeling and Simulation for Subsonic and Supersonic Combustion,1 year 3 months,Expired,2,"Engineering › Simulation engineering, Engineering › Mechanical engineering, Engineering › Nuclear engineering, Engineering › Aerospace engineering, Engineering › Thermal engineering, Engineering › Industrial engineering, Engineering › Other, Physics",Permanent,,Not funded by an EU programme
University of Calgary,Mechanical and Manufacturing Engineering,Computational Fluid & Structural Mechanics and High-Speed Aerodynamics and Energy Research groups,Higher Education Institute,330842,8/8/2018,Ph.D. position in Computational Fluid-Structure Interaction for Vascular Applications,2 months 3 weeks,Expired,1,"Engineering › Computer engineering, Engineering › Mechanical engineering, Engineering › Biomaterial engineering, Engineering › Biomedical engineering, Engineering › Simulation engineering",Other,,Not funded by an EU programme
University of Calgary,Mechanical and Manufacturing Engineering,Computational Fluid & Structural Mechanics and High-Speed Aerodynamics and Energy Research groups,Higher Education Institute,321592,5/7/2018,Funded Ph.D. position in Numerical Modeling for Hypersonic Fluid-Thermal-Structure Interaction (FTSI),7 months 4 weeks,Expired,1,"Computer science › Programming, Engineering › Mechanical engineering, Engineering › Simulation engineering, Engineering › Control engineering, Engineering › Materials engineering, Engineering › Aerospace engineering, Mathematics › Computational mathematics, Mathematics › Applied mathematics, Mathematics › Algorithms, Physics › Computational physics, Physics › Thermodynamics",Other,,Not funded by an EU programme
University of Cologne,Zoology,Workgroup Blanke,Higher Education Institute,330152,3/8/2018,Announcement for a EU funded PhD position “Head shape variation and biomechanics of Thysanoptera and Hemiptera”,3 months 3 hours,Expired,1,Biological sciences › Zoology,Temporary,,H2020 / ERC
University of Montreal,Institut de recherche en biologie végétale,,Higher Education Institute,449510,26/09/2019,Assistant Professor in Taxonomy and Floristics,2 months 4 days,Expired,1,Biological sciences › Botany,Temporary,,Not funded by an EU programme
University of Montreal,Institut de recherche en biologie végétale,,Higher Education Institute,401148,18/04/2019,Funded Ph.D. position in computational cell biophysics,1 month 1 week,Expired,1,"Biological sciences › Other, Computer science › Programming, Engineering › Mechanical engineering, Mathematics › Computational mathematics, Physics › Biophysics",Temporary,,Not funded by an EU programme
University of Montreal,Institut de recherche en biologie végétale,,Higher Education Institute,401143,18/04/2019,Funded Post-doc position in computational cell biophysics,1 month 1 week,Expired,1,"Biological sciences › Other, Computer science › Modelling tools, Engineering › Mechanical engineering, Physics › Biophysics",Temporary,,Not funded by an EU programme
University of Montreal,Institut de recherche en biologie végétale,,Higher Education Institute,399782,15/04/2019,Post-doctoral fellow in plant developmental biology,3 weeks 4 days,Expired,1,Biological sciences,Temporary,,Not funded by an EU programme
University of New Brunswick,,,Higher Education Institute,537329,29/06/2020,PhD position in electrochemical sensing,1 month 6 hours,Expired,1,Chemistry › Biochemistry,Temporary,,Not funded by an EU programme
University of New Brunswick,Faculty of Computer Science,,Higher Education Institute,362453,10/12/2018,PhD and Post-Doc researchers on Cybersecurity,1 month 3 weeks,Expired,3,Computer science,Temporary,,Not funded by an EU programme
University of Ottawa,School of Nutrition Sciences,NuGUT research platform,Higher Education Institute,387841,12/3/2019,Post-Doctoral Research Fellow – Gut Microbiology,1 month 1 week,Expired,1,"Biological sciences › Nutritional sciences, Biological sciences › Other",Temporary,,Not funded by an EU programme
University of Ottawa,School of Nutrition Sciences,NuGUT research platform,Higher Education Institute,234700,20/07/2017,PhD Student in Gut Microbiology,1 month 1 day,Expired,1,Biological sciences › Other,Not Applicable,,Not funded by an EU programme
University of Victoria,Chemistry,Microfluidics for Healthcare and Drug Discovery Group,Research Laboratory,199594,4/4/2017,Graduate research positions (Masters or PhD) in Microfluidic Technologies for Drug Discovery,3 weeks 6 days,Expired,2,"Biological sciences › Biological engineering, Chemistry › Physical chemistry, Chemistry › Biochemistry, Chemistry › Applied chemistry, Engineering › Biomedical engineering, Engineering › Microengineering, Pharmacological sciences › Toxicology",Temporary,,Not funded by an EU programme
University of Waterloo,Mechanical and Mechatronics Engineering,Fluid Mechanics Research Laboratory,Higher Education Institute,184656,24/02/2017,PhD Position in Experimental Fluids Mechanics,4 weeks 12 hours,Expired,1,"Engineering › Aerospace engineering, Engineering › Mechanical engineering",To be defined,,Not funded by an EU programme
Waikato,,,Other,522701,14/05/2020,Postdoctoral Fellow - Machine learning,9 months 1 week,Closed,1,Computer science › Other,Temporary,,Not funded by an EU programme
